<cars>
	<sedan>
		<sedanId>1</sedanId> 
		<sedanType>Sedan</sedanType> 
		<sedanModel>BMW 3 series</sedanModel> 
		<sedanTransmission>Automatic</sedanTransmission> 
		<sedanLitresPerHudredKm>8.00</sedanLitresPerHudredKm> 
		<sedanCost>40250</sedanCost> 
		<sedanNumberOfSeats>5</sedanNumberOfSeats>
		<sedanYearOfManufacture>2013</sedanYearOfManufacture>
		<sedanColor>Black</sedanColor>
	</sedan>
	<sedan>
		<sedanId>2</sedanId>
		<sedanType>Sedan</sedanType>
		<sedanModel>BMW 4 Series Gran Coupe</sedanModel>
		<sedanTransmission>Automatic</sedanTransmission>
		<sedanLitresPerHudredKm>8.71</sedanLitresPerHudredKm>
		<sedanCost>43300</sedanCost>
		<sedanNumberOfSeats>5</sedanNumberOfSeats>
		<sedanYearOfManufacture>2015</sedanYearOfManufacture>
		<sedanColor>Black</sedanColor>
	</sedan>
	<sedan>
		<sedanId>3</sedanId>
		<sedanType>Sedan</sedanType>
		<sedanModel>Jaguar X-Type</sedanModel>
		<sedanTransmission>Automatic</sedanTransmission>
		<sedanLitresPerHudredKm>13.07</sedanLitresPerHudredKm>
		<sedanCost>35060</sedanCost>
		<sedanNumberOfSeats>5</sedanNumberOfSeats>
		<sedanYearOfManufacture>2008</sedanYearOfManufacture>
		<sedanColor>White</sedanColor>
	</sedan>
	<sedan>
		<sedanId>4</sedanId>
		<sedanType>Sedan</sedanType>
		<sedanModel>Mercedes-Benz C43</sedanModel>
		<sedanTransmission>Manual</sedanTransmission>
		<sedanLitresPerHudredKm>12.0</sedanLitresPerHudredKm>
		<sedanCost>10000</sedanCost>
		<sedanNumberOfSeats>5</sedanNumberOfSeats>
		<sedanYearOfManufacture>2010</sedanYearOfManufacture>
		<sedanColor>Yellow</sedanColor>
	</sedan>
	<cabriolet>
		<cabrioletId>1</cabrioletId>
		<cabrioletType>Cabriolet</cabrioletType>
		<cabrioletModel>Audi A3 Convertible</cabrioletModel>
		<cabrioletTransmission>Automatic</cabrioletTransmission>
		<cabrioletLitresPerHudredKm>9.41</cabrioletLitresPerHudredKm>
		<cabrioletCost>38250</cabrioletCost>
		<cabrioletNumberOfSeats>4</cabrioletNumberOfSeats>
		<cabrioletYearOfManufacture>2018</cabrioletYearOfManufacture>
		<cabrioletColor>Black</cabrioletColor>
		<cabrioletTopRaised>true</cabrioletTopRaised>
	</cabriolet>
	<cabriolet>
		<cabrioletId>2</cabrioletId>
		<cabrioletType>Cabriolet</cabrioletType>
		<cabrioletModel>Audi A3 Convertible</cabrioletModel>
		<cabrioletTransmission>Manual</cabrioletTransmission>
		<cabrioletLitresPerHudredKm>9.41</cabrioletLitresPerHudredKm>
		<cabrioletCost>35300</cabrioletCost>
		<cabrioletNumberOfSeats>4</cabrioletNumberOfSeats>
		<cabrioletYearOfManufacture>2018</cabrioletYearOfManufacture>
		<cabrioletColor>Blue</cabrioletColor>
		<cabrioletTopRaised>false</cabrioletTopRaised>
	</cabriolet>
	<crossover>
		<crossoverId>1</crossoverId>
		<crossoverType>Crossover</crossoverType>
		<crossoverModel>Jeep Patriot 4dr</crossoverModel>
		<crossoverTransmission>Automatic</crossoverTransmission>
		<crossoverLitresPerHudredKm>10.69</crossoverLitresPerHudredKm>
		<crossoverCost>25840</crossoverCost>
		<crossoverNumberOfSeats>5</crossoverNumberOfSeats>
		<crossoverYearOfManufacture>2017</crossoverYearOfManufacture>
		<crossoverColor>Black</crossoverColor>
	</crossover>
	<crossover>
		<crossoverId>2</crossoverId>
		<crossoverType>Crossover</crossoverType>
		<crossoverModel>Volkswagen Tiguan Limited 4dr</crossoverModel>
		<crossoverTransmission>Manual</crossoverTransmission>
		<crossoverLitresPerHudredKm>11.0</crossoverLitresPerHudredKm>
		<crossoverCost>21995</crossoverCost>
		<crossoverNumberOfSeats>5</crossoverNumberOfSeats>
		<crossoverYearOfManufacture>2017</crossoverYearOfManufacture>
		<crossoverColor>Black</crossoverColor>
	</crossover>
	<truck>
		<truckId>1</truckId>
		<truckType>Truck</truckType>
		<truckModel>Chevrolet Colorado Crew Cab Pickup</truckModel>
		<truckTransmission>Automatic</truckTransmission>
		<truckLitresPerHudredKm>12.38</truckLitresPerHudredKm>
		<truckCost>35780</truckCost>
		<truckNumberOfSeats>5</truckNumberOfSeats>
		<truckYearOfManufacture>2015</truckYearOfManufacture>
		<truckColor>Black</truckColor>
	</truck>
	<truck>
		<truckId>2</truckId>
		<truckType>Truck</truckType>
		<truckModel>Chevrolet Colorado Crew Cab Pickup</truckModel>
		<truckTransmission>Automatic</truckTransmission>
		<truckLitresPerHudredKm>12.38</truckLitresPerHudredKm>
		<truckCost>35780</truckCost>
		<truckNumberOfSeats>5</truckNumberOfSeats>
		<truckYearOfManufacture>2016</truckYearOfManufacture>
		<truckColor>White</truckColor>
	</truck>
</cars>

