<?xml version="1.0" encoding="UTF-8"?>
<Configuration status="WARN">
    <Appenders>
        <Console name="ConsoleAppender" target="SYSTEM_OUT">
            <PatternLayout
                    pattern="[%d{HH:mm:ss}] %-5p (%F) - %m%n"/>
        </Console>
        <ReportPortalLog4j2Appender name="ReportPortalAppender">
            <PatternLayout
                    pattern="[%d{HH:mm:ss}] %-5p (%F) - %m%n"/>
        </ReportPortalLog4j2Appender>
        <RollingFile name="FileAppender" fileName="logfile.log" append="true"
                     filePattern="logfile-%d{yyyy-MM-dd}.log.gz">
            <PatternLayout pattern="%d{HH:mm:ss:SSS} [%p] %C{1}.%M - %m%n"/>
            <Policies>
                <TimeBasedTriggeringPolicy interval="1" modulate="true"/>
            </Policies>
        </RollingFile>
    </Appenders>

    <Loggers>
        <Root level="DEBUG">
            <AppenderRef ref="ConsoleAppender"/>
            <AppenderRef ref="ReportPortalAppender"/>
            <AppenderRef ref="FileAppender"/>
        </Root>
    </Loggers>
</Configuration>






